id,image_url,height_width_ratio,created_at,updated_at
1,wpcc1_1.png,2.221004566,2013-10-12 01:51:12 UTC,2013-10-12 01:51:12 UTC
1,wpcc1_1.png,2.221004566,2013-10-12 01:51:12 UTC,2013-10-12 01:51:12 UTC,2,wpcc1_2.png,1.837121212,2013-10-12 01:51:12 UTC,2013-10-12 01:51:12 UTC
1,wpcc1_1.png,2.221004566,2013-10-12 01:51:12 UTC,2013-10-12 01:51:12 UTC,2,wpcc1_2.png,1.837121212,2013-10-12 01:51:12 UTC,2013-10-12 01:51:12 UTC,3,wpcc2_1.png,1.833333333,2013-10-12 01:51:12 UTC,2013-10-12 01:51:12 UTC
1,wpcc1_1.png,2.221004566,2013-10-12 01:51:12 UTC,2013-10-12 01:51:12 UTC,2,wpcc1_2.png,1.837121212,2013-10-12 01:51:12 UTC,2013-10-12 01:51:12 UTC,3,wpcc2_1.png,1.833333333,2013-10-12 01:51:12 UTC,2013-10-12 01:51:12 UTC,4,wpcc2_2.png,1.771994135,2013-10-12 01:51:12 UTC,2013-10-12 01:51:12 UTC
1,wpcc1_1.png,2.221004566,2013-10-12 01:51:12 UTC,2013-10-12 01:51:12 UTC,2,wpcc1_2.png,1.837121212,2013-10-12 01:51:12 UTC,2013-10-12 01:51:12 UTC,3,wpcc2_1.png,1.833333333,2013-10-12 01:51:12 UTC,2013-10-12 01:51:12 UTC,4,wpcc2_2.png,1.771994135,2013-10-12 01:51:12 UTC,2013-10-12 01:51:12 UTC,5,wpcc3_1.png,2.257703081,2013-10-12 01:51:12 UTC,2013-10-12 01:51:12 UTC
1,wpcc1_1.png,2.221004566,2013-10-12 01:51:12 UTC,2013-10-12 01:51:12 UTC,2,wpcc1_2.png,1.837121212,2013-10-12 01:51:12 UTC,2013-10-12 01:51:12 UTC,3,wpcc2_1.png,1.833333333,2013-10-12 01:51:12 UTC,2013-10-12 01:51:12 UTC,4,wpcc2_2.png,1.771994135,2013-10-12 01:51:12 UTC,2013-10-12 01:51:12 UTC,5,wpcc3_1.png,2.257703081,2013-10-12 01:51:12 UTC,2013-10-12 01:51:12 UTC,6,wpcc3_2.png,1.810164425,2013-10-12 01:51:12 UTC,2013-10-12 01:51:12 UTC
1,wpcc1_1.png,2.221004566,2013-10-12 01:51:12 UTC,2013-10-12 01:51:12 UTC,2,wpcc1_2.png,1.837121212,2013-10-12 01:51:12 UTC,2013-10-12 01:51:12 UTC,3,wpcc2_1.png,1.833333333,2013-10-12 01:51:12 UTC,2013-10-12 01:51:12 UTC,4,wpcc2_2.png,1.771994135,2013-10-12 01:51:12 UTC,2013-10-12 01:51:12 UTC,5,wpcc3_1.png,2.257703081,2013-10-12 01:51:12 UTC,2013-10-12 01:51:12 UTC,6,wpcc3_2.png,1.810164425,2013-10-12 01:51:12 UTC,2013-10-12 01:51:12 UTC,7,wpcc4_1.png,1.893219018,2013-10-12 01:51:12 UTC,2013-10-12 01:51:12 UTC
1,wpcc1_1.png,2.221004566,2013-10-12 01:51:12 UTC,2013-10-12 01:51:12 UTC,2,wpcc1_2.png,1.837121212,2013-10-12 01:51:12 UTC,2013-10-12 01:51:12 UTC,3,wpcc2_1.png,1.833333333,2013-10-12 01:51:12 UTC,2013-10-12 01:51:12 UTC,4,wpcc2_2.png,1.771994135,2013-10-12 01:51:12 UTC,2013-10-12 01:51:12 UTC,5,wpcc3_1.png,2.257703081,2013-10-12 01:51:12 UTC,2013-10-12 01:51:12 UTC,6,wpcc3_2.png,1.810164425,2013-10-12 01:51:12 UTC,2013-10-12 01:51:12 UTC,7,wpcc4_1.png,1.893219018,2013-10-12 01:51:12 UTC,2013-10-12 01:51:12 UTC,8,wpcc4_2.png,1.807004471,2013-10-12 01:51:12 UTC,2013-10-12 01:51:12 UTC
1,wpcc1_1.png,2.221004566,2013-10-12 01:51:12 UTC,2013-10-12 01:51:12 UTC,2,wpcc1_2.png,1.837121212,2013-10-12 01:51:12 UTC,2013-10-12 01:51:12 UTC,3,wpcc2_1.png,1.833333333,2013-10-12 01:51:12 UTC,2013-10-12 01:51:12 UTC,4,wpcc2_2.png,1.771994135,2013-10-12 01:51:12 UTC,2013-10-12 01:51:12 UTC,5,wpcc3_1.png,2.257703081,2013-10-12 01:51:12 UTC,2013-10-12 01:51:12 UTC,6,wpcc3_2.png,1.810164425,2013-10-12 01:51:12 UTC,2013-10-12 01:51:12 UTC,7,wpcc4_1.png,1.893219018,2013-10-12 01:51:12 UTC,2013-10-12 01:51:12 UTC,8,wpcc4_2.png,1.807004471,2013-10-12 01:51:12 UTC,2013-10-12 01:51:12 UTC,9,wpcc5_1.png,2.206927985,2013-10-12 01:51:12 UTC,2013-10-12 01:51:12 UTC
1,wpcc1_1.png,2.221004566,2013-10-12 01:51:12 UTC,2013-10-12 01:51:12 UTC,2,wpcc1_2.png,1.837121212,2013-10-12 01:51:12 UTC,2013-10-12 01:51:12 UTC,3,wpcc2_1.png,1.833333333,2013-10-12 01:51:12 UTC,2013-10-12 01:51:12 UTC,4,wpcc2_2.png,1.771994135,2013-10-12 01:51:12 UTC,2013-10-12 01:51:12 UTC,5,wpcc3_1.png,2.257703081,2013-10-12 01:51:12 UTC,2013-10-12 01:51:12 UTC,6,wpcc3_2.png,1.810164425,2013-10-12 01:51:12 UTC,2013-10-12 01:51:12 UTC,7,wpcc4_1.png,1.893219018,2013-10-12 01:51:12 UTC,2013-10-12 01:51:12 UTC,8,wpcc4_2.png,1.807004471,2013-10-12 01:51:12 UTC,2013-10-12 01:51:12 UTC,9,wpcc5_1.png,2.206927985,2013-10-12 01:51:12 UTC,2013-10-12 01:51:12 UTC,10,wpcc5_2.png,1.854517611,2013-10-12 01:51:12 UTC,2013-10-12 01:51:12 UTC
1,wpcc1_1.png,2.221004566,2013-10-12 01:51:12 UTC,2013-10-12 01:51:12 UTC,2,wpcc1_2.png,1.837121212,2013-10-12 01:51:12 UTC,2013-10-12 01:51:12 UTC,3,wpcc2_1.png,1.833333333,2013-10-12 01:51:12 UTC,2013-10-12 01:51:12 UTC,4,wpcc2_2.png,1.771994135,2013-10-12 01:51:12 UTC,2013-10-12 01:51:12 UTC,5,wpcc3_1.png,2.257703081,2013-10-12 01:51:12 UTC,2013-10-12 01:51:12 UTC,6,wpcc3_2.png,1.810164425,2013-10-12 01:51:12 UTC,2013-10-12 01:51:12 UTC,7,wpcc4_1.png,1.893219018,2013-10-12 01:51:12 UTC,2013-10-12 01:51:12 UTC,8,wpcc4_2.png,1.807004471,2013-10-12 01:51:12 UTC,2013-10-12 01:51:12 UTC,9,wpcc5_1.png,2.206927985,2013-10-12 01:51:12 UTC,2013-10-12 01:51:12 UTC,10,wpcc5_2.png,1.854517611,2013-10-12 01:51:12 UTC,2013-10-12 01:51:12 UTC,11,wpcc6_1.png,2.338476374,2013-10-12 01:51:12 UTC,2013-10-12 01:51:12 UTC
1,wpcc1_1.png,2.221004566,2013-10-12 01:51:12 UTC,2013-10-12 01:51:12 UTC,2,wpcc1_2.png,1.837121212,2013-10-12 01:51:12 UTC,2013-10-12 01:51:12 UTC,3,wpcc2_1.png,1.833333333,2013-10-12 01:51:12 UTC,2013-10-12 01:51:12 UTC,4,wpcc2_2.png,1.771994135,2013-10-12 01:51:12 UTC,2013-10-12 01:51:12 UTC,5,wpcc3_1.png,2.257703081,2013-10-12 01:51:12 UTC,2013-10-12 01:51:12 UTC,6,wpcc3_2.png,1.810164425,2013-10-12 01:51:12 UTC,2013-10-12 01:51:12 UTC,7,wpcc4_1.png,1.893219018,2013-10-12 01:51:12 UTC,2013-10-12 01:51:12 UTC,8,wpcc4_2.png,1.807004471,2013-10-12 01:51:12 UTC,2013-10-12 01:51:12 UTC,9,wpcc5_1.png,2.206927985,2013-10-12 01:51:12 UTC,2013-10-12 01:51:12 UTC,10,wpcc5_2.png,1.854517611,2013-10-12 01:51:12 UTC,2013-10-12 01:51:12 UTC,11,wpcc6_1.png,2.338476374,2013-10-12 01:51:12 UTC,2013-10-12 01:51:12 UTC,12,wpcc6_2.png,1.858346095,2013-10-12 01:51:12 UTC,2013-10-12 01:51:12 UTC
1,wpcc1_1.png,2.221004566,2013-10-12 01:51:12 UTC,2013-10-12 01:51:12 UTC,2,wpcc1_2.png,1.837121212,2013-10-12 01:51:12 UTC,2013-10-12 01:51:12 UTC,3,wpcc2_1.png,1.833333333,2013-10-12 01:51:12 UTC,2013-10-12 01:51:12 UTC,4,wpcc2_2.png,1.771994135,2013-10-12 01:51:12 UTC,2013-10-12 01:51:12 UTC,5,wpcc3_1.png,2.257703081,2013-10-12 01:51:12 UTC,2013-10-12 01:51:12 UTC,6,wpcc3_2.png,1.810164425,2013-10-12 01:51:12 UTC,2013-10-12 01:51:12 UTC,7,wpcc4_1.png,1.893219018,2013-10-12 01:51:12 UTC,2013-10-12 01:51:12 UTC,8,wpcc4_2.png,1.807004471,2013-10-12 01:51:12 UTC,2013-10-12 01:51:12 UTC,9,wpcc5_1.png,2.206927985,2013-10-12 01:51:12 UTC,2013-10-12 01:51:12 UTC,10,wpcc5_2.png,1.854517611,2013-10-12 01:51:12 UTC,2013-10-12 01:51:12 UTC,11,wpcc6_1.png,2.338476374,2013-10-12 01:51:12 UTC,2013-10-12 01:51:12 UTC,12,wpcc6_2.png,1.858346095,2013-10-12 01:51:12 UTC,2013-10-12 01:51:12 UTC,13,wpcc6_3.png,1.818660647,2013-10-12 01:51:12 UTC,2013-10-12 01:51:12 UTC
1,wpcc1_1.png,2.221004566,2013-10-12 01:51:12 UTC,2013-10-12 01:51:12 UTC,2,wpcc1_2.png,1.837121212,2013-10-12 01:51:12 UTC,2013-10-12 01:51:12 UTC,3,wpcc2_1.png,1.833333333,2013-10-12 01:51:12 UTC,2013-10-12 01:51:12 UTC,4,wpcc2_2.png,1.771994135,2013-10-12 01:51:12 UTC,2013-10-12 01:51:12 UTC,5,wpcc3_1.png,2.257703081,2013-10-12 01:51:12 UTC,2013-10-12 01:51:12 UTC,6,wpcc3_2.png,1.810164425,2013-10-12 01:51:12 UTC,2013-10-12 01:51:12 UTC,7,wpcc4_1.png,1.893219018,2013-10-12 01:51:12 UTC,2013-10-12 01:51:12 UTC,8,wpcc4_2.png,1.807004471,2013-10-12 01:51:12 UTC,2013-10-12 01:51:12 UTC,9,wpcc5_1.png,2.206927985,2013-10-12 01:51:12 UTC,2013-10-12 01:51:12 UTC,10,wpcc5_2.png,1.854517611,2013-10-12 01:51:12 UTC,2013-10-12 01:51:12 UTC,11,wpcc6_1.png,2.338476374,2013-10-12 01:51:12 UTC,2013-10-12 01:51:12 UTC,12,wpcc6_2.png,1.858346095,2013-10-12 01:51:12 UTC,2013-10-12 01:51:12 UTC,13,wpcc6_3.png,1.818660647,2013-10-12 01:51:12 UTC,2013-10-12 01:51:12 UTC,14,wpcc7_1.png,2.226499552,2013-10-12 01:51:12 UTC,2013-10-12 01:51:12 UTC
1,wpcc1_1.png,2.221004566,2013-10-12 01:51:12 UTC,2013-10-12 01:51:12 UTC,2,wpcc1_2.png,1.837121212,2013-10-12 01:51:12 UTC,2013-10-12 01:51:12 UTC,3,wpcc2_1.png,1.833333333,2013-10-12 01:51:12 UTC,2013-10-12 01:51:12 UTC,4,wpcc2_2.png,1.771994135,2013-10-12 01:51:12 UTC,2013-10-12 01:51:12 UTC,5,wpcc3_1.png,2.257703081,2013-10-12 01:51:12 UTC,2013-10-12 01:51:12 UTC,6,wpcc3_2.png,1.810164425,2013-10-12 01:51:12 UTC,2013-10-12 01:51:12 UTC,7,wpcc4_1.png,1.893219018,2013-10-12 01:51:12 UTC,2013-10-12 01:51:12 UTC,8,wpcc4_2.png,1.807004471,2013-10-12 01:51:12 UTC,2013-10-12 01:51:12 UTC,9,wpcc5_1.png,2.206927985,2013-10-12 01:51:12 UTC,2013-10-12 01:51:12 UTC,10,wpcc5_2.png,1.854517611,2013-10-12 01:51:12 UTC,2013-10-12 01:51:12 UTC,11,wpcc6_1.png,2.338476374,2013-10-12 01:51:12 UTC,2013-10-12 01:51:12 UTC,12,wpcc6_2.png,1.858346095,2013-10-12 01:51:12 UTC,2013-10-12 01:51:12 UTC,13,wpcc6_3.png,1.818660647,2013-10-12 01:51:12 UTC,2013-10-12 01:51:12 UTC,14,wpcc7_1.png,2.226499552,2013-10-12 01:51:12 UTC,2013-10-12 01:51:12 UTC,15,wpcc7_2.png,1.279057592,2013-10-12 01:51:12 UTC,2013-10-12 01:51:12 UTC
1,wpcc1_1.png,2.221004566,2013-10-12 01:51:12 UTC,2013-10-12 01:51:12 UTC,2,wpcc1_2.png,1.837121212,2013-10-12 01:51:12 UTC,2013-10-12 01:51:12 UTC,3,wpcc2_1.png,1.833333333,2013-10-12 01:51:12 UTC,2013-10-12 01:51:12 UTC,4,wpcc2_2.png,1.771994135,2013-10-12 01:51:12 UTC,2013-10-12 01:51:12 UTC,5,wpcc3_1.png,2.257703081,2013-10-12 01:51:12 UTC,2013-10-12 01:51:12 UTC,6,wpcc3_2.png,1.810164425,2013-10-12 01:51:12 UTC,2013-10-12 01:51:12 UTC,7,wpcc4_1.png,1.893219018,2013-10-12 01:51:12 UTC,2013-10-12 01:51:12 UTC,8,wpcc4_2.png,1.807004471,2013-10-12 01:51:12 UTC,2013-10-12 01:51:12 UTC,9,wpcc5_1.png,2.206927985,2013-10-12 01:51:12 UTC,2013-10-12 01:51:12 UTC,10,wpcc5_2.png,1.854517611,2013-10-12 01:51:12 UTC,2013-10-12 01:51:12 UTC,11,wpcc6_1.png,2.338476374,2013-10-12 01:51:12 UTC,2013-10-12 01:51:12 UTC,12,wpcc6_2.png,1.858346095,2013-10-12 01:51:12 UTC,2013-10-12 01:51:12 UTC,13,wpcc6_3.png,1.818660647,2013-10-12 01:51:12 UTC,2013-10-12 01:51:12 UTC,14,wpcc7_1.png,2.226499552,2013-10-12 01:51:12 UTC,2013-10-12 01:51:12 UTC,15,wpcc7_2.png,1.279057592,2013-10-12 01:51:12 UTC,2013-10-12 01:51:12 UTC,16,wpcc_flip_e_info_panel.png,1.561904762,2013-10-12 01:51:12 UTC,2013-10-12 01:51:12 UTC
1,wpcc1_1.png,2.221004566,2013-10-12 01:51:12 UTC,2013-10-12 01:51:12 UTC,2,wpcc1_2.png,1.837121212,2013-10-12 01:51:12 UTC,2013-10-12 01:51:12 UTC,3,wpcc2_1.png,1.833333333,2013-10-12 01:51:12 UTC,2013-10-12 01:51:12 UTC,4,wpcc2_2.png,1.771994135,2013-10-12 01:51:12 UTC,2013-10-12 01:51:12 UTC,5,wpcc3_1.png,2.257703081,2013-10-12 01:51:12 UTC,2013-10-12 01:51:12 UTC,6,wpcc3_2.png,1.810164425,2013-10-12 01:51:12 UTC,2013-10-12 01:51:12 UTC,7,wpcc4_1.png,1.893219018,2013-10-12 01:51:12 UTC,2013-10-12 01:51:12 UTC,8,wpcc4_2.png,1.807004471,2013-10-12 01:51:12 UTC,2013-10-12 01:51:12 UTC,9,wpcc5_1.png,2.206927985,2013-10-12 01:51:12 UTC,2013-10-12 01:51:12 UTC,10,wpcc5_2.png,1.854517611,2013-10-12 01:51:12 UTC,2013-10-12 01:51:12 UTC,11,wpcc6_1.png,2.338476374,2013-10-12 01:51:12 UTC,2013-10-12 01:51:12 UTC,12,wpcc6_2.png,1.858346095,2013-10-12 01:51:12 UTC,2013-10-12 01:51:12 UTC,13,wpcc6_3.png,1.818660647,2013-10-12 01:51:12 UTC,2013-10-12 01:51:12 UTC,14,wpcc7_1.png,2.226499552,2013-10-12 01:51:12 UTC,2013-10-12 01:51:12 UTC,15,wpcc7_2.png,1.279057592,2013-10-12 01:51:12 UTC,2013-10-12 01:51:12 UTC,16,wpcc_flip_e_info_panel.png,1.561904762,2013-10-12 01:51:12 UTC,2013-10-12 01:51:12 UTC,17,know_your_role_binder.png,0.898533724,2013-10-12 01:51:12 UTC,2013-10-12 01:51:12 UTC
1,wpcc1_1.png,2.221004566,2013-10-12 01:51:12 UTC,2013-10-12 01:51:12 UTC,2,wpcc1_2.png,1.837121212,2013-10-12 01:51:12 UTC,2013-10-12 01:51:12 UTC,3,wpcc2_1.png,1.833333333,2013-10-12 01:51:12 UTC,2013-10-12 01:51:12 UTC,4,wpcc2_2.png,1.771994135,2013-10-12 01:51:12 UTC,2013-10-12 01:51:12 UTC,5,wpcc3_1.png,2.257703081,2013-10-12 01:51:12 UTC,2013-10-12 01:51:12 UTC,6,wpcc3_2.png,1.810164425,2013-10-12 01:51:12 UTC,2013-10-12 01:51:12 UTC,7,wpcc4_1.png,1.893219018,2013-10-12 01:51:12 UTC,2013-10-12 01:51:12 UTC,8,wpcc4_2.png,1.807004471,2013-10-12 01:51:12 UTC,2013-10-12 01:51:12 UTC,9,wpcc5_1.png,2.206927985,2013-10-12 01:51:12 UTC,2013-10-12 01:51:12 UTC,10,wpcc5_2.png,1.854517611,2013-10-12 01:51:12 UTC,2013-10-12 01:51:12 UTC,11,wpcc6_1.png,2.338476374,2013-10-12 01:51:12 UTC,2013-10-12 01:51:12 UTC,12,wpcc6_2.png,1.858346095,2013-10-12 01:51:12 UTC,2013-10-12 01:51:12 UTC,13,wpcc6_3.png,1.818660647,2013-10-12 01:51:12 UTC,2013-10-12 01:51:12 UTC,14,wpcc7_1.png,2.226499552,2013-10-12 01:51:12 UTC,2013-10-12 01:51:12 UTC,15,wpcc7_2.png,1.279057592,2013-10-12 01:51:12 UTC,2013-10-12 01:51:12 UTC,16,wpcc_flip_e_info_panel.png,1.561904762,2013-10-12 01:51:12 UTC,2013-10-12 01:51:12 UTC,17,know_your_role_binder.png,0.898533724,2013-10-12 01:51:12 UTC,2013-10-12 01:51:12 UTC,18,wpcc2_1_1.png,1.0,2013-10-12 01:51:12 UTC,2013-10-12 01:51:12 UTC
1,wpcc1_1.png,2.221004566,2013-10-12 01:51:12 UTC,2013-10-12 01:51:12 UTC,2,wpcc1_2.png,1.837121212,2013-10-12 01:51:12 UTC,2013-10-12 01:51:12 UTC,3,wpcc2_1.png,1.833333333,2013-10-12 01:51:12 UTC,2013-10-12 01:51:12 UTC,4,wpcc2_2.png,1.771994135,2013-10-12 01:51:12 UTC,2013-10-12 01:51:12 UTC,5,wpcc3_1.png,2.257703081,2013-10-12 01:51:12 UTC,2013-10-12 01:51:12 UTC,6,wpcc3_2.png,1.810164425,2013-10-12 01:51:12 UTC,2013-10-12 01:51:12 UTC,7,wpcc4_1.png,1.893219018,2013-10-12 01:51:12 UTC,2013-10-12 01:51:12 UTC,8,wpcc4_2.png,1.807004471,2013-10-12 01:51:12 UTC,2013-10-12 01:51:12 UTC,9,wpcc5_1.png,2.206927985,2013-10-12 01:51:12 UTC,2013-10-12 01:51:12 UTC,10,wpcc5_2.png,1.854517611,2013-10-12 01:51:12 UTC,2013-10-12 01:51:12 UTC,11,wpcc6_1.png,2.338476374,2013-10-12 01:51:12 UTC,2013-10-12 01:51:12 UTC,12,wpcc6_2.png,1.858346095,2013-10-12 01:51:12 UTC,2013-10-12 01:51:12 UTC,13,wpcc6_3.png,1.818660647,2013-10-12 01:51:12 UTC,2013-10-12 01:51:12 UTC,14,wpcc7_1.png,2.226499552,2013-10-12 01:51:12 UTC,2013-10-12 01:51:12 UTC,15,wpcc7_2.png,1.279057592,2013-10-12 01:51:12 UTC,2013-10-12 01:51:12 UTC,16,wpcc_flip_e_info_panel.png,1.561904762,2013-10-12 01:51:12 UTC,2013-10-12 01:51:12 UTC,17,know_your_role_binder.png,0.898533724,2013-10-12 01:51:12 UTC,2013-10-12 01:51:12 UTC,18,wpcc2_1_1.png,1.0,2013-10-12 01:51:12 UTC,2013-10-12 01:51:12 UTC,19,wpcc2_1_2.png,1.0,2013-10-12 01:51:12 UTC,2013-10-12 01:51:12 UTC
